U_p,count,mean,std,min,max
5,4,0.04158930586207557,0.018952933044485375,0.021777710546360823,0.06315083029243726
95,4,0.011509348127038006,0.0041987594428484366,0.007822855284820442,0.0163344552614463
